<?xml version="1.0" encoding="utf-8"?>
<extension version="2.5" type="plugin" group="system" method="upgrade">
    <name>System - Helix Framework</name>
    <author>JoomShaper.com</author>
    <creationDate>March 2011</creationDate>
    <copyright>Copyright (C) 2010 - 2014 JoomShaper. All rights reserved.</copyright>
    <license>http://www.gnu.org/licenses/gpl-2.0.html GPLv2 or later</license>
    <authorEmail>support@joomshaper.com</authorEmail>
    <authorUrl>www.joomshaper.com</authorUrl>
    <version>2.1.7</version>
    <description>Helix Framework - JoomShaper Template Framework for Joomla 2.5 and 3.X</description>
	
    <updateservers> 
        <server type="extension" priority="1" name="System - Helix Framework">http://www.joomshaper.com/updates/plg_system_helix.xml</server>
    </updateservers>
    <files>
		<filename plugin="helix">helix.php</filename>
		<filename plugin="helix">index.html</filename>
		<filename plugin="helix">overview.php</filename>
		<folder plugin="helix">core</folder>
		<folder plugin="helix">css</folder>
		<folder plugin="helix">features</folder>
		<folder plugin="helix">fields</folder>
		<folder plugin="helix">fonts</folder>
		<folder plugin="helix">html</folder>
		<folder plugin="helix">images</folder>
		<folder plugin="helix">js</folder>
		<folder plugin="helix">layout</folder>
		<folder plugin="helix">shortcodes</folder>
    </files>
    <fieldset addfieldpath="/plugins/system/helix/fields"></fieldset>
</extension>