[{"name":"Header","class":"container","responsive":"","backgroundcolor":"rgba(255, 255, 255, 0)","textcolor":"rgba(255, 255, 255, 0)","linkcolor":"rgba(255, 255, 255, 0)","linkhovercolor":"rgba(255, 255, 255, 0)","margin":"","padding":"20px 0","children":[{"span":"2","offset":"","type":"modules","position":"logo","style":"","customclass":"","responsiveclass":""},{"span":"7","offset":"","type":"modules","position":"menu","style":"none","customclass":"","responsiveclass":""},{"span":"3","offset":"","type":"modules","position":"search","style":"none","customclass":"","responsiveclass":"visible-desktop"}]},{"name":"Feature","class":"container","responsive":"","backgroundcolor":"rgba(255, 255, 255, 0)","textcolor":"rgba(255, 255, 255, 0)","linkcolor":"rgba(255, 255, 255, 0)","linkhovercolor":"rgba(255, 255, 255, 0)","margin":"","padding":"80px 0","children":[{"span":"12","offset":"","type":"modules","position":"feature","style":"none","customclass":"","responsiveclass":""}]},{"name":"Users","class":"container","responsive":"","backgroundcolor":"rgba(255, 255, 255, 0)","textcolor":"rgba(255, 255, 255, 0)","linkcolor":"rgba(255, 255, 255, 0)","linkhovercolor":"rgba(255, 255, 255, 0)","margin":"","padding":"30px 0","children":[{"span":"3","offset":"","type":"modules","position":"user1","style":"sp_xhtml","customclass":"","responsiveclass":""},{"span":"3","offset":"","type":"modules","position":"user2","style":"sp_xhtml","customclass":"","responsiveclass":""},{"span":"3","offset":"","type":"modules","position":"user3","style":"sp_xhtml","customclass":"","responsiveclass":""},{"span":"3","offset":"","type":"modules","position":"user4","style":"sp_xhtml","customclass":"","responsiveclass":""}]},{"name":"Main Body","class":"container","responsive":"","backgroundcolor":"rgba(246, 180, 74, 0)","textcolor":"rgba(255, 255, 255, 0)","linkcolor":"rgba(255, 255, 255, 0)","linkhovercolor":"rgba(255, 255, 255, 0)","margin":"","padding":"30px 0","children":[{"span":"3","offset":"","type":"modules","position":"left","style":"xhtml","customclass":"","responsiveclass":""},{"span":"6","offset":"","type":"message","position":"","style":"xhtml","customclass":"","responsiveclass":"","children":[{"name":"Component Area","class":"","responsive":"","backgroundcolor":"rgba(255, 255, 255, 0)","textcolor":"rgba(255, 255, 255, 0)","linkcolor":"rgba(255, 255, 255, 0)","linkhovercolor":"rgba(255, 255, 255, 0)","margin":"","padding":"","children":[{"span":"12","offset":"","type":"component","position":"","style":"xhtml","customclass":"","responsiveclass":""}]}]},{"span":"3","offset":"","type":"modules","position":"right","style":"sp_xhtml","customclass":"","responsiveclass":""}]},{"name":"Breadcrumb","class":"container","responsive":"","backgroundcolor":"rgba(255, 255, 255, 0)","textcolor":"rgba(255, 255, 255, 0)","linkcolor":"rgba(255, 255, 255, 0)","linkhovercolor":"rgba(255, 255, 255, 0)","margin":"","padding":"","children":[{"span":"12","offset":"","type":"modules","position":"breadcrumb","style":"none","customclass":"","responsiveclass":""}]},{"name":"Bottom","class":"container","responsive":"","backgroundcolor":"rgba(255, 255, 255, 0)","textcolor":"rgba(255, 255, 255, 0)","linkcolor":"rgba(255, 255, 255, 0)","linkhovercolor":"rgba(255, 255, 255, 0)","margin":"","padding":"40px 0","children":[{"span":"3","offset":"","type":"modules","position":"bottom1","style":"sp_flat","customclass":"","responsiveclass":""},{"span":"3","offset":"","type":"modules","position":"bottom2","style":"sp_flat","customclass":"","responsiveclass":""},{"span":"3","offset":"","type":"modules","position":"bottom3","style":"sp_flat","customclass":"","responsiveclass":""},{"span":"3","offset":"","type":"modules","position":"bottom4","style":"sp_flat","customclass":"","responsiveclass":""}]},{"name":"Footer","class":"container","responsive":"","backgroundcolor":"rgba(255, 255, 255, 0)","textcolor":"rgba(255, 255, 255, 0)","linkcolor":"rgba(255, 255, 255, 0)","linkhovercolor":"rgba(255, 255, 255, 0)","margin":"","padding":"30px 0","children":[{"span":"8","offset":"","type":"modules","position":"footer1","style":"none","customclass":"","responsiveclass":""},{"span":"4","offset":"","type":"modules","position":"footer2","style":"none","customclass":"","responsiveclass":""}]}]